"AIDS Report Number","Local Event Date","Event City","Event State","Event Airport","Event Type","Aircraft Damage","Flight Phase","Aircraft Make","Aircraft Model","Aircraft Series","Operator","Primary Flight Type","Flight Conduct Code","Flight Plan Filed Code","Aircraft Registration Nbr","Total Fatalities","Total Injuries","Aircraft Engine Make","Aircraft Engine Model","Engine Group Code","Nbr of Engines","PIC Certificate Type","PIC Flight Time Total Hrs","PIC Flight Time Total Make-Model"," "," "
"20240801009689I","01-AUG-24","SAN DIEGO","CA","SAN DIEGO INTL","","","","","","","JAZZ","","FOREIGN AIR CARRIER","","","0","0","","","","","","","","",""
"20240801010149I","01-AUG-24","MANCHESTER","NH","MANCHESTER","","","","","","","","","","","","0","0","","","","","","3200","1600","2",""
"20240801010459I","01-AUG-24","BROOMFIELD","CO","ROCKY MOUNTAIN METROPOLITAN","","","","","","","","","","","","0","0","","","","","","","","",""
"20240801011259I","01-AUG-24","QUANTICO","VA","QUANTICO MCAF /TURNER FIELD","","","","","","","","","","","","0","0","","","","","","1145","","",""
"20240801011459I","01-AUG-24","FORT LAUDERDALE","FL","FORT LAUDERDALE EXECUTIVE","","","","","","","","","","","","0","0","","","","","","4188","232","19",""
"20240802009109I","02-AUG-24","VERMILLION","SD","HAROLD DAVIDSON FIELD","","","","","","","","","","","","0","0","","","","","","30","30","30",""
"20240802010439I","02-AUG-24","OLATHE","KS","NEW CENTURY AIRCENTER","","","","","","","","","","","","0","0","","","","","","1033","346","6",""
"20240802010449I","02-AUG-24","PHILADELPHIA","PA","","","","","","","","","","","","","0","0","","","","","","556","375","138",""
"20240802011159I","02-AUG-24","COLORADO SPRINGS","CO","","","","","","","","","","","","","0","1","","","","","","","","",""
"20240802011479I","02-AUG-24","PERRIS","CA","PERRIS VALLEY","","","","","","","","","PARACHUTE JUMPING","","","2","0","","","","","","","","",""
"20240802011549I","02-AUG-24","TEMPLE","TX","DRAUGHON-MILLER CENTRAL TEXAS RGNL","","","","","","","","","","","","0","0","","","","","","","","",""
"20240802012109A","02-AUG-24","PALMYRA","WI","PALMYRA MUNI","","","","","","","","","","","","0","0","","","","","","51","29","33",""
"20240802014069A","02-AUG-24","BURLEY","ID","","","","","","","","","","","","","0","4","","","","","","3700","","",""
"20240802014149A","02-AUG-24","ANCHORAGE","AK","LAKE HOOD","","","","","","","RUSTS FLYING SERVICE INC","","","","","0","0","","","","","","19234","","",""
"20240802014259I","02-AUG-24","SOUTH SAINT PAUL","MN","SOUTH ST PAUL MUNI-RICHARD E FLEMING FLD","","","","","","","","","","","","0","0","","","","","","1121","75","187",""
"20240802015099I","02-AUG-24","TRACY","CA","","","","","","","","","","","","","0","1","","","","","","1116","","",""
"20240803009549I","03-AUG-24","CULLMAN","AL","","","","","","","","","","","","","0","0","","","","","","1432","","",""
"20240803009989A","03-AUG-24","LIVINGSTON","TX","LIVINGSTON MUNI","","","","","","","","","","","","0","1","","","","","","19856","","",""
"20240803010759I","03-AUG-24","TORONTO","","","","","","","","","JAZZ","","FOREIGN AIR CARRIER","","","0","0","","","","","","","","",""
"20240803010769I","03-AUG-24","LONGVIEW","TX","EAST TEXAS RGNL","","","","","","","","","","","","0","0","","","","","","6069","7","32",""
"20240803011409A","03-AUG-24","TULSA","OK","TULSA INTL","","","","","","","","","","","","0","0","","","","","","2250","","",""
"20240803012539I","03-AUG-24","GRANTS","NM","GRANTS-MILAN MUNI","","","","","","","","","","","","0","0","","","","","","","","",""
"20240803013219A","03-AUG-24","NAPOLEON","MI","","","","","","","","","","","","","1","0","","","","","","2200","900","",""
"20240803014869A","03-AUG-24","SYRACUSE","IN","","","","","","","","","","","","","0","0","","","","","","500","100","10",""
"20240803015229I","03-AUG-24","GULF SHORES","AL","JACK EDWARDS","","","","","","","","","","","","0","0","","","","","","961","123","212",""
"20240803016539A","03-AUG-24","GOOSE BAY","AK","GOOSE BAY","","","","","","","","","","","","0","0","","","","","","187","22","31",""
"20240804008589I","04-AUG-24","BRIDGEPORT","CT","IGOR I SIKORSKY MEMORIAL","","","","","","","NETJETS AVIATION","","","","","0","0","","","","","","","","",""
"20240804009489I","04-AUG-24","BRIDGEPORT","CT","","","","","","","","NETJETS AVIATION","","","","","0","0","","","","","","","","",""
"20240804009539A","04-AUG-24","FAIRBANKS","AK","FAIRBANKS INTL","","","","","","","WARBELOWS AIR VENTURES INC","","","","","0","0","","","","","","645","151","138",""
"20240804011249I","04-AUG-24","MADRAS","OR","MADRAS MUNICIPAL","","","","","","","","","PILOT SCHOOLS","","","0","0","","","","","","746","81","46",""
"20240804011789I","04-AUG-24","LOS ANGELES","CA","LOS ANGELES INTL","","","","","","","SUN COUNTRY AIRLINES","","AIR CARRIER/COMMERCIAL","","","0","0","","","","","","4300","","",""
"20240805010719I","05-AUG-24","DOUGLAS","AZ","COCHISE COLLEGE","","","","","","","","","PILOT SCHOOLS","","","0","0","","","","","","573","520","65",""
"20240805011819I","05-AUG-24","MCCALL","ID","MC CALL MUNI","","","","","","","","","","","","0","0","","","","","","","","",""
"20240805011859I","05-AUG-24","PORTSMOUTH","NH","PORTSMOUTH INTL AT PEASE","","","","","","","","","","","","0","0","","","","","","4915","70","38",""
"20240805015239A","05-AUG-24","JAMESTOWN","NY","CHAUTAUQUA COUNTY/JAMESTOWN","","","","","","","","","","","","0","1","","","","","","","","",""
"20240805015379I","05-AUG-24","EEK","AK","EEK","","","","","","","GRANT AVIATION","","","","","0","0","","","","","","689","114","114",""
"20240806009299A","06-AUG-24","BRAZORIA","TX","","","","","","","","","","","","","1","0","","","","","","","","",""
"20240806009309I","06-AUG-24","KALISPELL","MT","GLACIER PARK INTL","","","","","","","","","","","","0","0","","","","","","4508","409","80",""
"20240806010349I","06-AUG-24","COLUMBUS","OH","OHIO STATE UNIVERSITY","","","","","","","","","","","","0","0","","","","","","356","28","36",""
"20240806010929I","06-AUG-24","JAMAICA","NY","LA GUARDIA","","","","","","","ENDEAVOR AIR","","AIR CARRIER/COMMERCIAL","","","0","0","","","","","","","","",""
"20240806011239A","06-AUG-24","SCAPPOOSE","OR","SCAPPOOSE INDUSTRIAL AIRPARK","","","","","","","","","","","","0","0","","","","","","130","26","29",""
"20240806011399A","06-AUG-24","YUKON","OK","SUNDANCE AIRPARK","","","","","","","","","","","","4","0","","","","","","406","200","3",""
"20240806011609A","06-AUG-24","KALAMAZOO","MI","KALAMAZOO/BATTLE CREEK INTL","","","","","","","","","","","","0","0","","","","","","","","148",""
"20240806011979A","06-AUG-24","CRYSTAL","MN","CRYSTAL","","","","","","","","","","","","0","0","","","","","","47000","3400","30",""
"20240806013129A","06-AUG-24","MEDINA","OH","MEDINA MUNI","","","","","","","","","","","","0","0","","","","","","","36","",""
"20240806013369A","06-AUG-24","SALEM","IN","SALEM MUNI","","","","","","","","","","","","0","0","","","","","","313","234","12",""
"20240806014139A","06-AUG-24","SKWENTNA","AK","","","","","","","","","","","","","0","0","","","","","","3200","2000","200",""
"20240807010429A","07-AUG-24","JACKSONVILLE","FL","HERLONG RECREATIONAL","","","","","","","","","","","","0","0","","","","","","163","15","5",""
"20240807013739A","07-AUG-24","FRANCESVILLE","IN","","","","","","","","","","AGRICULTURAL","","","0","1","","","","","","160","120","100",""
"20240807015839A","07-AUG-24","HAWTHORNE","CA","JACK NORTHROP FIELD/HAWTHORNE MUNI","","","","","","","","","","","","0","0","","","","","","13278","2","72",""
"20240808009449A","08-AUG-24","AUGUSTA","MT","","","","","","","","","","","","","3","0","","","","","","","","",""
"20240808009939A","08-AUG-24","FAIRBANKS","AK","","","","","","","","","","","","","0","0","","","","","","500","400","20",""
"20240808010039I","08-AUG-24","VENICE","FL","VENICE MUNI","","","","","","","","","","","","0","0","","","","","","195","","",""
"20240808010339I","08-AUG-24","MEMPHIS","TX","CHILDRESS MUNI","","","","","","","","","","","","0","0","","","","","","253","215","50",""
"20240808011269I","08-AUG-24","OPA LOCKA","FL","OPA-LOCKA EXECUTIVE","","","","","","","","","","","","0","0","","","","","","","","",""
"20240808012529I","08-AUG-24","WINCHESTER","VA","WINCHESTER RGNL","","","","","","","","","","","","0","0","","","","","","8617","","",""
"20240808012799A","08-AUG-24","CONCORD","CA","BUCHANAN FIELD","","","","","","","","","","","","0","0","","","","","","6300","","",""
"20240809009359A","09-AUG-24","MINDEN","NV","MINDEN-TAHOE","","","","","","","","","","","","0","0","","","","","","101","10","10",""
"20240809012789A","09-AUG-24","WATSONVILLE","CA","WATSONVILLE MUNI","","","","","","","","","","","","0","0","","","","","","4300","444","103",""
"20240809013119A","09-AUG-24","FALLBROOK","CA","FALLBROOK COMMUNITY AIRPARK","","","","","","","","","","","","0","0","","","","","","3640","240","21",""
"20240809013879A","09-AUG-24","DYESS","AR","","","","","","","","","","AGRICULTURAL","","","0","0","","","","","","2021","","",""
"20240809016259A","09-AUG-24","MORRIS","IL","MORRIS MUNI - JAMES R. WASHBURN FIELD","","","","","","","","","","","","0","0","","","","","","4253","","",""
"20240810010679I","10-AUG-24","LAMONI","IA","LAMONI MUNI","","","","","","","","","","","","0","0","","","","","","1168","25","13",""
"20240810012519A","10-AUG-24","ELKHART","IL","","","","","","","","","","","","","1","0","","","","","","5001","","",""
"20240810012739I","10-AUG-24","MIDLAND","TX","MIDLAND INTL","","","","","","","","","","","","0","0","","","","","","500","","",""
"20240810012779I","10-AUG-24","SAN CARLOS","CA","SAN CARLOS","","","","","","","","","","","","0","0","","","","","","1915","","",""
"20240810013849I","10-AUG-24","FREMONT","NE","FREMONT MUNI","","","","","","","","","PILOT SCHOOLS","","","0","0","","","","","","1746","","",""
"20240810017019A","10-AUG-24","NORTH KINGSTOWN","RI","QUONSET STATE","","","","","","","","","","","","0","1","","","","","","","1","",""
"20240811010309A","11-AUG-24","BOZEMAN","MT","BOZEMAN YELLOWSTONE INTL","","","","","","","","","","","","0","0","","","","","","522","","",""
"20240811010419I","11-AUG-24","BARTOW","FL","BARTOW MUNI","","","","","","","","","","","","0","0","","","","","","1438","","",""
"20240811011389I","11-AUG-24","GUTHRIE","OK","GUTHRIE-EDMOND RGNL","","","","","","","","","","","","0","0","","","","","","314","","",""
"20240811013559I","11-AUG-24","LACONIA","NH","LACONIA MUNI","","","","","","","","","","","","0","0","","","","","","3700","600","40",""
"20240811017929I","11-AUG-24","CRESCENT CITY","FL","","","","","","","","","","","","","0","0","","","","","","2500","2000","15",""
"20240812009719I","12-AUG-24","DETROIT","MI","DETROIT METROPOLITAN WAYNE COUNTY","","","","","","","ENDEAVOR AIR","","AIR CARRIER/COMMERCIAL","","","0","0","","","","","","3000","","",""
"20240812009759I","12-AUG-24","HEBRON","KY","CINCINNATI/NORTHERN KENTUCKY INTL","","","","","","","","","","","","0","0","","","","","","1752","","",""
"20240812013429I","12-AUG-24","LEBANON","NH","LEBANON MUNI","","","","","","","","","","","","0","0","","","","","","238","94","8",""
"20240812016889I","12-AUG-24","ANCHORAGE","AK","LAKE HOOD","","","","","","","","","","","","0","0","","","","","","2600","","",""
"20240812017629A","12-AUG-24","DELAND","FL","DELAND MUNI-SIDNEY H TAYLOR FIELD","","","","","","","","","","","","0","0","","","","","","3486","42","38",""
"20240813009819I","13-AUG-24","BULLHEAD CITY","AZ","LAUGHLIN/BULLHEAD INTL","","","","","","","AIR METHODS CORP","","","","","0","0","","","","","","3262","","",""
"20240813010599I","13-AUG-24","KISSIMMEE","FL","KISSIMMEE GATEWAY","","","","","","","","","","","","0","0","","","","","","32","32","32",""
"20240813010949A","13-AUG-24","SANFORD","FL","ORLANDO SANFORD INTL","","","","","","","","","PILOT SCHOOLS","","","0","0","","","","","","48","","",""
"20240813015249I","13-AUG-24","HUNTSVILLE","AL","HUNTSVILLE INTL-CARL T JONES FIELD","","","","","","","","","","","","0","0","","","","","","25100","","",""
"20240813017469I","13-AUG-24","FORT LAUDERDALE","FL","FORT LAUDERDALE EXECUTIVE","","","","","","","","","PILOT SCHOOLS","","","0","0","","","","","","","","",""
"20240813017999A","13-AUG-24","DURHAM","CA","OROVILLE MUNI","","","","","","","","","","","","0","1","","","","","","23562","","",""
"20240814009959A","14-AUG-24","GUTHRIE","OK","ELLIS/HARVEY","","","","","","","","","","","","0","0","","","","","","592","592","20",""
"20240814010139A","14-AUG-24","ROXBURY","ME","THOMAS","","","","","","","","","","","","0","0","","","","","","250","16","1",""
"20240814010749I","14-AUG-24","PENDLETON","OR","EASTERN OREGON RGNL AT PENDLETON","","","","","","","","","","","","0","0","","","","","","","","",""
"20240814011139I","14-AUG-24","MOUNT PLEASANT","PA","MOUNT PLEASANT/SCOTTDALE","","","","","","","","","","","","0","0","","","","","","","","",""
"20240814011939A","14-AUG-24","CHETEK","WI","CHETEK MUNI-SOUTHWORTH","","","","","","","","","","","","0","0","","","","","","90","4","40",""
"20240814012729A","14-AUG-24","EVELETH","MN","SKY HARBOR","","","","","","","","","","","","0","0","","","","","","2350","","",""
"20240815009669I","15-AUG-24","LYNCHBURG","VA","LYNCHBURG RGNL/PRESTON GLENN FLD","","","","","","","","","PILOT SCHOOLS","","","0","0","","","","","","818","","",""
"20240815011149I","15-AUG-24","LANCASTER","CA","GENERAL WM J FOX AIRFIELD","","","","","","","","","","","","0","0","","","","","","205","3","9",""
"20240815011849A","15-AUG-24","CULPEPER","VA","CULPEPER RGNL","","","","","","","","","","","","0","0","","","","","","491","491","9",""
"20240815012709A","15-AUG-24","HEALY","AK","","","","","","","","","","","","","0","0","","","","","","133","23","11",""
"20240815012719A","15-AUG-24","ARCTIC VILLAGE","AK","","","","","","","","","","","","","0","0","","","","","","387","351","75",""
"20240815014079I","15-AUG-24","VANCOUVER","WA","PEARSON FIELD","","","","","","","","","","","","0","0","","","","","","300","135","15",""
"20240815016409I","15-AUG-24","PENDLETON","OR","EASTERN OREGON RGNL AT PENDLETON","","","","","","","","","","","","0","0","","","","","","","","",""
"20240816009859A","16-AUG-24","GAINESVILLE","FL","GAINESVILLE RGNL","","","","","","","","","","","","0","0","","","","","","400","","",""
"20240816010699I","16-AUG-24","ORLANDO","FL","ORLANDO INTL","","","","","","","","","FOREIGN AIR CARRIER","","","0","0","","","","","","","","",""
"20240816010959A","16-AUG-24","ORLANDO","FL","EXECUTIVE","","","","","","","","","PILOT SCHOOLS","","","0","0","","","","","","800","531","110",""
"20240816013169I","16-AUG-24","OGDEN","UT","OGDEN-HINCKLEY","","","","","","","","","","","","0","0","","","","","","504","45","120",""
"20240816013359A","16-AUG-24","MOORESBURG","TN","","","","","","","","","","","","","1","0","","","","","","","","",""
"20240816015259A","16-AUG-24","MOBILE","AL","","","","","","","","","","","","","0","0","","","","","","2200","","",""
"20240817010329I","17-AUG-24","ABILENE","TX","ABILENE RGNL","","","","","","","","","","","","0","0","","","","","","2158","","",""
"20240817012029A","17-AUG-24","SHIRLEY","NY","BROOKHAVEN","","","","","","","","","","","","0","0","","","","","","956","700","34",""
"20240817012649I","17-AUG-24","TAMPA","FL","PETER O KNIGHT","","","","","","","","","","","","0","0","","","","","","","","",""
"20240817013109I","17-AUG-24","LATROBE","PA","ARNOLD PALMER RGNL","","","","","","","","","","","","0","0","","","","","","4000","1000","100",""
"20240818009829I","18-AUG-24","OAKRIDGE","OR","","","","","","","","HILLSBOROUGH AVIATION","","","","","0","0","","","","","","7000","750","100",""
"20240818010319A","18-AUG-24","WASHINGTON","NC","WARREN FIELD","","","","","","","","","","","","0","0","","","","","","19750","3519","38",""
"20240818010729A","18-AUG-24","HONOLULU","HI","HONOLULU INTL","","","","","","","","","","","","0","0","","","","","","1531","","",""
"20240818010739I","18-AUG-24","HUTCHINSON","MN","","","","","","","","","","","","","0","1","","","","","","70","43","2",""
"20240818013779I","18-AUG-24","DEADHORSE","AK","DEADHORSE","","","","","","","","","","","","0","0","","","","","","8370","10","302",""
"20240818014129A","18-AUG-24","PALMER","AK","","","","","","","","","","","","","0","0","","","","","","1416","964","71",""
"20240819011129A","19-AUG-24","FORT COLLINS","CO","FORT COLLINS-LOVELAND MUNI","","","","","","","","","","","","0","0","","","","","","25000","373","23",""
"20240819014579I","19-AUG-24","ANCHORAGE","AK","TED STEVENS ANCHORAGE INTL","","","","","","","KALITTA AIR","","AIR CARRIER/COMMERCIAL","","","0","0","","","","","","16837","6536","160",""
"20240819016529A","19-AUG-24","ISLAND PARK","ID","","","","","","","","","","","","","0","0","","","","","","549","50","14",""
"20240819017419A","19-AUG-24","ASHEBORO","NC","ASHEBORO RGNL","","","","","","","","","","","","0","0","","","","","","22000","1500","",""
"20240820010409A","20-AUG-24","ODESSA","TX","ODESSA-SCHLEMEYER FIELD","","","","","","","","","","","","2","0","","","","","","2251","","",""
"20240820011229A","20-AUG-24","CHARLESTON","WV","YEAGER","","","","","","","","","","","","0","0","","","","","","382","12","70",""
"20240820011809I","20-AUG-24","DENVER","CO","DENVER INTL","","","","","","","SKYWEST AIRLINES INC","","AIR CARRIER/COMMERCIAL","","","0","0","","","","","","","","",""
"20240820012629A","20-AUG-24","MOHAWK","NY","MOHAWK AVIATION CENTER","","","","","","","","","","","","0","0","","","","","","","","",""
"20240820012639I","20-AUG-24","TULSA","OK","RICHARD LLOYD JONES JR","","","","","","","","","","","","0","0","","","","","","325","","",""
"20240820013209A","20-AUG-24","WESLACO","TX","MID VALLEY","","","","","","","","","","","","0","1","","","","","","","","",""
"20240821010659I","21-AUG-24","GREENSBORO","NC","PIEDMONT TRIAD INTL","","","","","","","","","","","","0","0","","","","","","14500","","",""
"20240821010669I","21-AUG-24","JACKSONVILLE","FL","JACKSONVILLE INTL","","","","","","","","","","","","0","0","","","","","","5114","","",""
"20240821011119I","21-AUG-24","LUMBERTON","NC","LUMBERTON MUNI","","","","","","","","","","","","0","0","","","","","","","","",""
"20240821011679I","21-AUG-24","MABELVALE","AR","","","","","","","","AIR METHODS CORP","","","","","0","0","","","","","","3879","41","30",""
"20240821013269I","21-AUG-24","HOMER","MI","","","","","","","","","","","","","0","0","","","","","","","","",""
"20240821013579A","21-AUG-24","CUT AND SHOOT","TX","HUBBARD","","","","","","","","","","","","0","0","","","","","","","44","37",""
"20240821013809I","21-AUG-24","SAINT PETERSBURG","FL","ALBERT WHITTED","","","","","","","","","","","","0","0","","","","","","1375","310","75",""
"20240821014859I","21-AUG-24","GRAND RAPIDS","MI","OTTAWA EXECUTIVE","","","","","","","","","","","","0","0","","","","","","177","32","32",""
"20240822009949I","22-AUG-24","HOUSTON","TX","WILLIAM P HOBBY","","","","","","","","","","","","0","0","","","","","","","","",""
"20240822013519A","22-AUG-24","SHELTER ISLAND HEIGHTS","NY","SKYTOP","","","","","","","","","","","","0","0","","","","","","2583","2415","90",""
"20240822013609A","22-AUG-24","LOUISA","VA","LOUISA COUNTY/FREEMAN FIELD","","","","","","","","","","","","0","0","","","","","","193","181","38",""
"20240822017819I","22-AUG-24","GREEN BAY","WI","NICOLET","","","","","","","","","","","","0","0","","","","","","435","","",""
"20240823010399I","23-AUG-24","SMITHFIELD","RI","NORTH CENTRAL STATE","","","","","","","","","","","","0","0","","","","","","343","286","67",""
"20240823011909I","23-AUG-24","PONTIAC","MI","OAKLAND COUNTY INTL","","","","","","","","","","","","0","0","","","","","","365","360","50",""
"20240823012009I","23-AUG-24","GULFPORT","MS","GULFPORT-BILOXI INTL","","","","","","","","","","","","0","0","","","","","","","","",""
"20240823012089I","23-AUG-24","KILN","MS","STENNIS INTL","","","","","","","","","","","","0","0","","","","","","","","",""
"20240823012269A","23-AUG-24","STANLEY","ID","STANLEY","","","","","","","","","","","","0","0","","","","","","936","181","39",""
"20240823014159I","23-AUG-24","NAMPA","ID","NAMPA MUNI","","","","","","","","","","","","0","0","","","","","","5000","","",""
"20240823017179A","23-AUG-24","NEWTON","TX","","","","","","","","","","AGRICULTURAL","","","1","1","","","","","","250","50","50",""
"20240824011219I","24-AUG-24","LLANO","TX","LLANO MUNI","","","","","","","","","","","","0","0","","","","","","292","","",""
"20240824011629I","24-AUG-24","HILLSBORO","ND","HILLSBORO MUNI","","","","","","","UNIVERSITY OF NORTH DAKOTA","","PILOT SCHOOLS","","","0","0","","","","","","1029","","",""
"20240824011839I","24-AUG-24","MERRITT ISLAND","FL","MERRITT ISLAND","","","","","","","","","","","","0","0","","","","","","29","29","29",""
"20240824013099A","24-AUG-24","SAGWON","AK","","","","","","","","","","","","","0","0","","","","","","3201","","",""
"20240824013929I","24-AUG-24","OAKLEY","MI","","","","","","","","METRO AVIATION INC","","","","","0","0","","","","","","9300","4590","48",""
"20240825011929I","25-AUG-24","SAND SPRINGS","OK","WILLIAM R. POGUE MUNI","","","","","","","","","","","","0","0","","","","","","1519","","",""
"20240825012139A","25-AUG-24","SANTA PAULA","CA","SANTA PAULA","","","","","","","","","","","","0","0","","","","","","","","",""
"20240825012509I","25-AUG-24","WINCHESTER","VA","WINCHESTER RGNL","","","","","","","","","","","","0","0","","","","","","1220","33","380",""
"20240825016679I","25-AUG-24","SEATTLE","WA","SEATTLE-TACOMA INTL","","","","","","","ALASKA AIRLINES INC","","AIR CARRIER/COMMERCIAL","","","0","0","","","","","","","","",""
"20240825017409A","25-AUG-24","STERLING","MA","STERLING","","","","","","","","","","","","0","0","","","","","","349","13","18",""
"20240826011989A","26-AUG-24","WAYNE","NE","","","","","","","","","","","","","1","0","","","","","","","","",""
"20240826012309I","26-AUG-24","GAITHERSBURG","MD","MONTGOMERY COUNTY AIRPARK","","","","","","","","","PILOT SCHOOLS","","","0","0","","","","","","","","",""
"20240826012329A","26-AUG-24","CLEARWATER","FL","CLEARWATER AIR PARK","","","","","","","","","","","","0","1","","","","","","259","1","1",""
"20240826013999I","26-AUG-24","","AZ","","","","","","","","","","PILOT SCHOOLS","","","0","0","","","","","","1660","1340","133",""
"20240826015929I","26-AUG-24","RIRIE","ID","","","","","","","","","","","","","0","0","","","","","","","","",""
"20240826016059I","26-AUG-24","PEACHTREE CITY","GA","ATLANTA RGNL FALCON FIELD","","","","","","","","","","","","0","0","","","","","","","","",""
"20240826016069A","26-AUG-24","JESUP","GA","JESUP-WAYNE COUNTY","","","","","","","","","","","","0","0","","","","","","1393","18","189",""
"20240826016099A","26-AUG-24","CROFTON","NE","","","","","","","","","","","","","1","0","","","","","","1475","106","17",""
"20240827011379I","27-AUG-24","MOSES LAKE","WA","GRANT CO INTL","","","","","","","","","","","","0","0","","","","","","178","145","12",""
"20240827011619I","27-AUG-24","TRAVERSE CITY","MI","CHERRY CAPITAL","","","","","","","","","","","","0","0","","","","","","1450","278","30",""
"20240827012179A","27-AUG-24","SUSSEX","NJ","","","","","","","","","","","","","0","1","","","","","","98","95","20",""
"20240827012619A","27-AUG-24","OSHKOSH","WI","WITTMAN RGNL","","","","","","","","","","","","0","0","","","","","","229","","",""
"20240827013189I","27-AUG-24","STEVENSVILLE","MD","BAY BRIDGE","","","","","","","","","","","","0","0","","","","","","76","76","17",""
"20240827014029I","27-AUG-24","MISSOULA","MT","","","","","","","","","","ROTORCRAFT EXTERNAL LOAD OPERATIONS","","","0","1","","","","","","10400","2800","172",""
"20240827014329A","27-AUG-24","BOZEMAN","MT","YELLOWSTONE","","","","","","","","","","","","0","0","","","","","","1550","","",""
"20240828011209I","28-AUG-24","ALICIA","AR","","","","","","","","","","","","","0","0","","","","","","1632","","",""
"20240828011599I","28-AUG-24","BOSTON","MA","GENERAL EDWARD LAWRENCE LOGAN INTL","","","","","","","VIRGIN ATLANTIC AIRWAYS","","FOREIGN AIR CARRIER","","","0","0","","","","","","","","",""
"20240828011659A","28-AUG-24","GRANGEVILLE","ID","SHEARER /USFS/","","","","","","","","","","","","0","0","","","","","","2500","150","25",""
"20240828012219I","28-AUG-24","GREENSBORO","NC","","","","","","","","","","","","","0","0","","","","","","348","42","13",""
"20240828012259I","28-AUG-24","MORRISVILLE","NC","RALEIGH-DURHAM INTL","","","","","","","","","","","","0","0","","","","","","","","",""
"20240828013509A","28-AUG-24","HAWI","HI","UPOLU","","","","","","","","","","","","0","0","","","","","","1097","","46",""
"20240828014399I","28-AUG-24","CONROE","TX","LONE STAR EXECUTIVE","","","","","","","","","","","","0","0","","","","","","26700","2000","80",""
"20240829012869A","29-AUG-24","YELLOW PINE","ID","JOHNSON CREEK","","","","","","","","","","","","2","0","","","","","","4887","","44",""
"20240829013029A","29-AUG-24","ALEKNAGIK","AK","","","","","","","","","","","","","0","0","","","","","","305","175","9",""
"20240829015269I","29-AUG-24","ROCHESTER","NY","GREATER ROCHESTER INTL","","","","","","","","","","","","0","0","","","","","","1250","","",""
"20240829016849A","29-AUG-24","LYNCHBURG","VA","FALWELL","","","","","","","","","","","","0","0","","","","","","2404","","",""
"20240830011689I","30-AUG-24","TAOS","NM","TAOS RGNL","","","","","","","AIR METHODS CORP","","","","","0","0","","","","","","7700","343","49",""
"20240830011799I","30-AUG-24","EASTON","MD","EASTON/NEWNAM FIELD","","","","","","","CVG AVIATION INC","","","","","0","0","","","","","","4805","2062","110",""
"20240830012229A","30-AUG-24","FAIRMONT","WV","FAIRMONT MUNI-FRANKMAN FIELD","","","","","","","","","","","","0","2","","","","","","1484","","",""
"20240830012879I","30-AUG-24","PHILADELPHIA","PA","NORTHEAST PHILADELPHIA","","","","","","","","","","","","0","0","","","","","","1391","","",""
"20240830012979I","30-AUG-24","TULSA","OK","TULSA INTL","","","","","","","","","","","","0","0","","","","","","10700","2600","",""
"20240830013179A","30-AUG-24","TOK","AK","","","","","","","","","","","","","0","0","","","","","","940","103","4",""
"20240830014849I","30-AUG-24","SAN MARCOS","TX","SAN MARCOS MUNI","","","","","","","","","","","","0","0","","","","","","510","5","19",""
"20240830015729I","30-AUG-24","TETERBORO","NJ","TETERBORO","","","","","","","","","","","","0","0","","","","","","20275","","",""
"20240830015909A","30-AUG-24","GOLD BAR","WA","","","","","","","","","","","","","0","0","","","","","","1714","59","20",""
"20240830017459A","30-AUG-24","WAYNESVILLE","OH","CAESAR CREEK","","","","","","","","","","","","1","0","","","","","","","","",""
"20240831011519A","31-AUG-24","TEMPE","AZ","","","","","","","","","","","","","0","0","","","","","","","","",""
"20240831011919I","31-AUG-24","BATTLE LAKE","MN","BATTLE LAKE MUNI","","","","","","","","","","","","0","0","","","","","","4200","","",""
"20240831012352A","31-AUG-24","ATLANTA","GA","HARTSFIELD - JACKSON ATLANTA INTL","","","","","","","VIRGIN ATLANTIC AIRWAYS","","FOREIGN AIR CARRIER","","","0","0","","","","","","","","",""
"20240831012499I","31-AUG-24","GALLIANO","LA","SOUTH LAFOURCHE LEONARD MILLER JR","","","","","","","","","","","","0","0","","","","","","","","",""
"20240831012899A","31-AUG-24","","OR","PORTLAND-TROUTDALE","","","","","","","","","","","","3","0","","","","","","730","","",""
"20240831013059I","31-AUG-24","PORT CLINTON","OH","CARL R KELLER FIELD","","","","","","","","","","","","0","0","","","","","","3335","","",""
"20240831013089A","31-AUG-24","MC GRATH","AK","MC GRATH","","","","","","","","","","","","1","0","","","","","","","","",""
"20240831014939A","31-AUG-24","COOPERSVILLE","MI","","","","","","","","","","","","","0","1","","","","","","650","600","25",""
"20240831015919I","31-AUG-24","SAINT AUGUSTINE","FL","NORTHEAST FLORIDA RGNL","","","","","","","","","","","","0","0","","","","","","8500","50","5",""
"20240831017559A","31-AUG-24","LAWRENCE","KS","LAWRENCE MUNI","","","","","","","","","","","","0","0","","","","","","","","",""
"20240901011899I","01-SEP-24","DESTIN","FL","DESTIN-FORT WALTON BEACH","","","","","","","","","","","","0","0","","","","","","2150","","",""
"20240901012129A","01-SEP-24","SAINT JOHNS","AZ","ST JOHNS INDUSTRIAL AIR PARK","","","","","","","","","","","","0","0","","","","","","197","149","",""
"20240901012439A","01-SEP-24","MANDAN","ND","MANDAN MUNI","","","","","","","","","","","","0","0","","","","","","1153","330","12",""
"20240901012489I","01-SEP-24","WEBSTER","FL","","","","","","","","","","","","","0","0","","","","","","563","","",""
"20240901013019A","01-SEP-24","PORT ANGELES","WA","WILLIAM R FAIRCHILD INTL","","","","","","","","","","","","0","0","","","","","","703","8","19",""
"20240901013569A","01-SEP-24","SHELL KNOB","MO","BARTON COUNTY MEMORIAL HOSPITAL","","","","","","","","","","","","0","1","","","","","","221","5","34",""
"20240901015279I","01-SEP-24","VAN NUYS","CA","VAN NUYS","","","","","","","","","","","","0","0","","","","","","190","35","90",""
"20240901016749I","01-SEP-24","PEA RIDGE","AR","","","","","","","","","","","","","0","0","","","","","","","","",""
"20240901017219A","01-SEP-24","KINGMAN","KS","","","","","","","","","","","","","0","0","","","","","","67","23","13",""
"20240902011449I","02-SEP-24","NEW YORK CITY","NY","LA GUARDIA","","","","","","","","","","","","0","0","","","","","","7105","","",""
"20240902013499I","02-SEP-24","RONKONKOMA","NY","LONG ISLAND MAC ARTHUR","","","","","","","","","","","","0","0","","","","","","2700","115","",""
"20240902014109A","02-SEP-24","YUMA","AZ","YUMA MCAS/YUMA INTL","","","","","","","","","PILOT SCHOOLS","","","0","0","","","","","","8","853","191",""
"20240902015209A","02-SEP-24","COLUMBUS","NE","","","","","","","","","","","","","1","0","","","","","","","","",""
"20240902015219A","02-SEP-24","AMBOY","CA","","","","","","","","","","","","","0","0","","","","","","","700","",""
"20240903012189I","03-SEP-24","SEBRING","FL","SEBRING RGNL","","","","","","","","","","","","0","0","","","","","","140","24","35",""
"20240903013489I","03-SEP-24","MINDEN","NV","MINDEN-TAHOE","","","","","","","","","","","","0","0","","","","","","840","300","27",""
"20240903013979I","03-SEP-24","CONROE","TX","LONE STAR EXECUTIVE","","","","","","","","","","","","0","0","","","","","","1503","1271","309",""
"20240903015459I","03-SEP-24","GREENSBORO","NC","PIEDMONT TRIAD INTL","","","","","","","","","","","","0","0","","","","","","","","",""
"20240903015719I","03-SEP-24","POUGHKEEPSIE","NY","DUTCHESS COUNTY","","","","","","","","","","","","0","0","","","","","","828","","",""
"20240904012249I","04-SEP-24","EVERETT","WA","SNOHOMISH COUNTY (PAINE FLD)","","","","","","","","","","","","0","0","","","","","","360","","",""
"20240904012609A","04-SEP-24","BORGER","TX","HUTCHINSON COUNTY","","","","","","","","","","","","0","0","","","","","","889","849","434",""
"20240904013479A","04-SEP-24","","NY","NEW YORK SKYPORTS INC","","","","","","","","","","","","0","0","","","","","","10000","","115",""
"20240904014219I","04-SEP-24","PROVIDENCE","RI","THEODORE FRANCIS GREEN STATE","","","","","","","","","","","","0","0","","","","","","9751","","",""
"20240904014229A","04-SEP-24","CRYSTAL","MN","CRYSTAL","","","","","","","","","","","","0","0","","","","","","334","182","20",""
"20240904014379A","04-SEP-24","BEDMINSTER","NJ","SOMERSET","","","","","","","","","","","","0","2","","","","","","1227","1147","248",""
"20240905010939A","05-SEP-24","BRUSH","CO","","","","","","","","","","AGRICULTURAL","","","1","0","","","","","","12454","","",""
"20240905011529A","05-SEP-24","MADISON","AL","MIDDLETON ISLAND","","","","","","","","","","","","0","0","","","","","","1","","",""
"20240905011579I","05-SEP-24","MURFREESBORO","TN","MURFREESBORO MUNI","","","","","","","","","PILOT SCHOOLS","","","0","0","","","","","","1133","","",""
"20240905012749I","05-SEP-24","PETALUMA","CA","PETALUMA MUNI","","","","","","","","","","","","0","0","","","","","","1604","1425","10",""
"20240905013249I","05-SEP-24","LAWTON","OK","LAWTON-FORT SILL RGNL","","","","","","","","","","","","0","0","","","","","","1330","","",""
"20240906011709I","06-SEP-24","HILLSBORO","OR","PORTLAND-HILLSBORO","","","","","","","","","PILOT SCHOOLS","","","0","0","","","","","","841","410","230",""
"20240906011949A","06-SEP-24","GRAND FORKS","ND","GRAND FORKS INTL","","","","","","","UNIVERSITY OF NORTH DAKOTA","","PILOT SCHOOLS","","","0","0","","","","","","356","40","66",""
"20240906012479I","06-SEP-24","PENDLETON","OR","EASTERN OREGON RGNL AT PENDLETON","","","","","","","","","","","","0","0","","","","","","250","20","3",""
"20240906013079A","06-SEP-24","ANDERSON","IN","ANDERSON MUNI-DARLINGTON FIELD","","","","","","","","","","","","4","0","","","","","","642","","",""
"20240906013292A","06-SEP-24","PENDLETON","OR","EASTERN OREGON RGNL AT PENDLETON","","","","","","","","","","","","0","0","","","","","","215","155","148",""
"20240906014059I","06-SEP-24","STONINGTON","ME","STONINGTON MUNI","","","","","","","","","","","","0","0","","","","","","5820","750","35",""
"20240906014929A","06-SEP-24","HAWTHORNE","CA","JACK NORTHROP FIELD/HAWTHORNE MUNI","","","","","","","","","","","","1","1","","","","","","","","",""
"20240906015329A","06-SEP-24","OXFORD","CT","WATERBURY-OXFORD","","","","","","","","","","","","0","0","","","","","","106","","",""
"20240906016669A","06-SEP-24","YACOLT","WA","","","","","","","","","","","","","1","0","","","","","","30000","1000","30",""
"20240907012239A","07-SEP-24","FREDERICK","CO","","","","","","","","","","ULTRALIGHT VEHICLES","","","1","0","","","","","","","","",""
"20240907012279A","07-SEP-24","KING SALMON","AK","KING SALMON","","","","","","","","","","","","1","4","","","","","","3103","2331","137",""
"20240907012989A","07-SEP-24","LEAD","SD","","","","","","","","","","","","","0","0","","","","","","","","",""
"20240907014209I","07-SEP-24","MARTHAS VINEYARD","MA","MARTHAS VINEYARD","","","","","","","","","","","","0","0","","","","","","497","","",""
"20240907015089A","07-SEP-24","GRAND ISLAND","NE","CENTRAL NEBRASKA RGNL","","","","","","","","","","","","0","0","","","","","","193","75","1",""
"20240908013409A","08-SEP-24","VERGENNES","VT","BASIN HARBOR","","","","","","","","","","","","4","0","","","","","","590","","6",""
"20240908014199I","08-SEP-24","ANOKA","MN","ANOKA COUNTY-BLAINE ARPT(JANES FIELD)","","","","","","","","","","","","0","0","","","","","","385","","",""
"20240908014319A","08-SEP-24","MORRISVILLE","NC","RALEIGH-DURHAM INTL","","","","","","","","","","","","0","0","","","","","","846","","",""
"20240908016249A","08-SEP-24","COTTONWOOD","AZ","","","","","","","","","","","","","1","0","","","","","","","","",""
"20240909012199I","09-SEP-24","THEDFORD","NE","THOMAS COUNTY","","","","","","","","","","","","0","0","","","","","","590","20","20",""
"20240910012349A","10-SEP-24","STRATFORD","CT","IGOR I SIKORSKY MEMORIAL","","","","","","","","","","","","0","0","","","","","","386","","",""
"20240910012849A","10-SEP-24","SULPHUR SPRINGS","IN","ROBERTS FIELD","","","","","","","","","","","","1","0","","","","","","900","4","1",""
"20240910013049A","10-SEP-24","AMARILLO","TX","TRADEWIND","","","","","","","","","","","","0","0","","","","","","1522","825","22",""
"20240910013889A","10-SEP-24","HICKORY VALLEY","TN","","","","","","","","","","AGRICULTURAL","","","0","0","","","","","","","","",""
"20240910017771A","10-SEP-24","COLLEGE PARK","GA","HARTSFIELD - JACKSON ATLANTA INTL","","","","","","","ENDEAVOR AIR","","AIR CARRIER/COMMERCIAL","","","0","1","","","","","","3865","","",""
"20240910017959I","10-SEP-24","FALLBROOK","CA","FALLBROOK COMMUNITY AIRPARK","","","","","","","","","","","","0","0","","","","","","1600","600","30",""
"20240911012829A","11-SEP-24","CENTENNIAL","CO","CENTENNIAL","","","","","","","","","","","","0","1","","","","","","713","","",""
"20240911012839A","11-SEP-24","CLARKSDALE","MS","FLETCHER FIELD","","","","","","","","","","","","0","0","","","","","","3734","706","23",""
"20240911012852I","11-SEP-24","CHICAGO","IL","CHICAGO O'HARE INTL","","","","","","","ENVOY AIR INC","","AIR CARRIER/COMMERCIAL","","","0","0","","","","","","9486","709","",""
"20240911012969A","11-SEP-24","MARSHALL","IN","","","","","","","","","","","","","0","0","","","","","","10000","800","30",""
"20240911014569A","11-SEP-24","CANTON","MI","","","","","","","","","","ROTORCRAFT EXTERNAL LOAD OPERATIONS","","","0","0","","","","","","10700","","",""
"20240911016239A","11-SEP-24","SCHAUMBURG","IL","SCHAUMBURG RGNL","","","","","","","","","","","","0","0","","","","","","105","4","4",""
"20240911016399I","11-SEP-24","SALEM","MO","SALEM MEMORIAL","","","","","","","","","","","","0","0","","","","","","453","","",""
"20240911017259I","11-SEP-24","SONORA","TX","","","","","","","","","","","","","0","0","","","","","","","","",""
"20240912014189A","12-SEP-24","CUMBERLAND","MN","","","","","","","","","","","","","0","0","","","","","","376","36","50",""
"20240912014369I","12-SEP-24","BLOUNTVILLE","TN","TRI-CITIES RGNL TN/VA","","","","","","","","","","","","0","0","","","","","","350","","",""
"20240912014719I","12-SEP-24","FORT LAUDERDALE","FL","FORT LAUDERDALE/HOLLYWOOD INTL","","","","","","","","","","","","0","0","","","","","","9000","","",""
"20240912017489A","12-SEP-24","MOUNT VERNON","IA","","","","","","","","","","","","","0","0","","","","","","13750","17","15",""
"20240913012049I","13-SEP-24","HUNTSVILLE","TX","HUNTSVILLE MUNI","","","","","","","","","","","","0","0","","","","","","585","","",""
"20240913012959A","13-SEP-24","BUCKLAND","AK","BUCKLAND","","","","","","","","","","","","0","0","","","","","","11000","150","30",""
"20240913013069A","13-SEP-24","WILLIAMSBURG","VA","WILLIAMSBURG-JAMESTOWN","","","","","","","","","","","","0","1","","","","","","22011","1614","65",""
"20240913013289A","13-SEP-24","NINILCHIK","AK","","","","","","","","","","","","","2","0","","","","","","1305","","13",""
"20240913013619A","13-SEP-24","CHARLTON","NY","","","","","","","","","","","","","0","0","","","","","","53","","",""
"20240913014179I","13-SEP-24","MONROE","LA","MONROE RGNL","","","","","","","","","","","","0","0","","","","","","540","","",""
"20240913016049I","13-SEP-24","BOISE","ID","BOISE AIR TERMINAL/GOWEN FLD","","","","","","","","","","","","0","0","","","","","","","","",""
"20240913016229A","13-SEP-24","ANCHORAGE","AK","LAKE HOOD","","","","","","","","","","","","0","0","","","","","","26000","","",""
"20240913017949A","13-SEP-24","LIME VILLAGE","AK","","","","","","","","","","","","","0","0","","","","","","805","","110",""
"20240914013009A","14-SEP-24","WASILLA","AK","ANDERSON LAKE","","","","","","","","","","","","1","0","","","","","","25000","","",""
"20240914013349I","14-SEP-24","","TN","SPRINGFIELD ROBERTSON COUNTY","","","","","","","","","","","","0","0","","","","","","12659","11","38",""
"20240914015579I","14-SEP-24","CAMILLA","GA","","","","","","","","","","AGRICULTURAL","","","0","0","","","","","","","","",""
"20240914015959A","14-SEP-24","GLEN BURNIE","MD","BALTIMORE/WASHINGTON INTL THURGOOD MARSHAL","","","","","","","","","","","","0","2","","","","","","5000","","",""
"20240915012169I","15-SEP-24","HUNTINGTON","WV","TRI-STATE/MILTON J. FERGUSON FIELD","","","","","","","","","","","","0","0","","","","","","41","41","14",""
"20240915012289A","15-SEP-24","SAINT MARYS","AK","ST MARY'S","","","","","","","","","","","","4","0","","","","","","2361","1338","91",""
"20240915012459A","15-SEP-24","BASIN","MT","","","","","","","","","","","","","0","0","","","","","","8551","3511","52",""
"20240915013629A","15-SEP-24","PALMER","AK","","","","","","","","","","","","","0","0","","","","","","5220","210","25",""
"20240915014709A","15-SEP-24","FAIRBANKS","AK","","","","","","","","","","","","","0","0","","","","","","29500","150","15",""
"20240915014919I","15-SEP-24","BLISS","ID","","","","","","","","","","","","","0","0","","","","","","1946","567","119",""
"20240915015369A","15-SEP-24","CARROLLTON","OH","CARROLL COUNTY-TOLSON","","","","","","","","","","","","0","0","","","","","","348","120","20",""
"20240915016579A","15-SEP-24","EAGLE RIVER","AK","","","","","","","","","","","","","0","0","","","","","","965","440","1",""
"20240916013452A","16-SEP-24","MINDEN","NV","MINDEN-TAHOE","","","","","","","","","","","","1","0","","","","","","3100","","",""
"20240916013462A","16-SEP-24","MINDEN","NV","MINDEN-TAHOE","","","","","","","","","","","","0","0","","","","","","1596","","",""
"20240916014799A","16-SEP-24","","AK","","","","","","","","","","","","","0","0","","","","","","116","58","66",""
"20240917011639A","17-SEP-24","LAS VEGAS","NM","LAS VEGAS MUNI","","","","","","","","","","","","0","0","","","","","","","","",""
"20240917012399I","17-SEP-24","MYRTLE BEACH","SC","MYRTLE BEACH INTL","","","","","","","","","PILOT SCHOOLS","","","0","0","","","","","","","","",""
"20240917013899A","17-SEP-24","BOSTON","MA","GENERAL EDWARD LAWRENCE LOGAN INTL","","","","","","","HYANNIS AIR SERVICE INC","","","","","0","0","","","","","","1777","","",""
"20240917013959A","17-SEP-24","DELAND","FL","DELAND MUNI-SIDNEY H TAYLOR FIELD","","","","","","","","","","","","0","0","","","","","","650","","",""
"20240917014839I","17-SEP-24","SAINT CLOUD","MN","","","","","","","","","","","","","0","0","","","","","","150","1","1",""
"20240917014959I","17-SEP-24","VERO BEACH","FL","VERO BEACH MUNI","","","","","","","","","PILOT SCHOOLS","","","0","0","","","","","","1689","327","110",""
"20240917017209A","17-SEP-24","PAGOSA SPRINGS","CO","STEVENS FIELD","","","","","","","","","","","","0","1","","","","","","3180","","",""
"20240918013199A","18-SEP-24","DYERSBURG","TN","DYERSBURG RGNL","","","","","","","","","","","","0","0","","","","","","","","",""
"20240918013769A","18-SEP-24","ALEKNAGIK","AK","","","","","","","","","","","","","0","0","","","","","","2760","1910","34",""
"20240918014789I","18-SEP-24","ZOLFO SPRINGS","FL","","","","","","","","","","","","","0","0","","","","","","","","",""
"20240919012599I","19-SEP-24","MERRITT ISLAND","FL","MERRITT ISLAND","","","","","","","","","","","","0","0","","","","","","2999","","",""
"20240919012889I","19-SEP-24","PORTALES","NM","PORTALES MUNI","","","","","","","","","","","","0","0","","","","","","100","","",""
"20240919013239A","19-SEP-24","WASHINGTON COURT HOUSE","OH","FAYETTE COUNTY","","","","","","","","","","","","0","0","","","","","","3000","","",""
"20240919013671I","19-SEP-24","CULPEPER","VA","WARRENTON-FAUQUIER","","","","","","","","","","","","0","0","","","","","","3952","","",""
"20240919013729I","19-SEP-24","EAGLE","AK","","","","","","","","","","","","","0","0","","","","","","9000","3985","221",""
"20240919014359A","19-SEP-24","KREMMLING","CO","MC ELROY AIRFIELD","","","","","","","","","","","","0","1","","","","","","1727","15","15",""
"20240919014699I","19-SEP-24","","","","","","","","","","CASTLE AVIATION","","","","","0","0","","","","","","1547","145","194",""
"20240919015079A","19-SEP-24","BOULDER","CO","BOULDER MUNI","","","","","","","","","","","","0","0","","","","","","435","6","11",""
"20240919015189A","19-SEP-24","FREDERICKSBURG","VA","CULPEPER RGNL","","","","","","","","","","","","0","0","","","","","","4000","","",""
"20240919016619A","19-SEP-24","CANANDAIGUA","NY","CANANDAIGUA","","","","","","","","","","","","0","1","","","","","","1799","135","57",""
"20240920012819A","20-SEP-24","ACKERMAN","MS","ACKERMAN CHOCTAW COUNTY","","","","","","","","","","","","0","0","","","","","","148","68","9",""
"20240920013719I","20-SEP-24","ASPEN","CO","ASPEN-PITKIN CO/SARDY FIELD","","","","","","","","","","","","0","0","","","","","","","","",""
"20240920014009A","20-SEP-24","SHAKOPEE","MN","","","","","","","","THUNDERBIRD AVIATION INC","","","","","0","0","","","","","","8635","1017","58",""
"20240920014309A","20-SEP-24","SPARTANBURG","SC","SPARTANBURG DOWNTOWN MEMORIAL","","","","","","","","","","","","0","1","","","","","","1716","","",""
"20240920014469I","20-SEP-24","ANCHORAGE","AK","TED STEVENS ANCHORAGE INTL","","","","","","","LYNDEN AIR CARGO","","AIR CARRIER/COMMERCIAL","","","0","0","","","","","","4300","2776","86",""
"20240920014909I","20-SEP-24","COLDWATER","MI","BRANCH COUNTY MEMORIAL","","","","","","","","","","","","0","0","","","","","","713","50","89",""
"20240920015179I","20-SEP-24","PETERSBURG","WV","GRANT COUNTY","","","","","","","","","","","","0","0","","","","","","232","12","31",""
"20240920016119A","20-SEP-24","LINCOLN","NE","LINCOLN","","","","","","","","","PILOT SCHOOLS","","","0","0","","","","","","57","57","29",""
"20240920016649I","20-SEP-24","INDIANAPOLIS","IN","INDIANAPOLIS INTL","","","","","","","CASTLE AVIATION INC","","","","","0","0","","","","","","","","",""
"20240921013279I","21-SEP-24","NEWPORT NEWS","VA","NEWPORT NEWS/WILLIAMSBURG INTL","","","","","","","","","","","","0","0","","","","","","1359","295","1",""
"20240921013969A","21-SEP-24","LA PLACE","LA","","","","","","","","","","AGRICULTURAL","","","0","0","","","","","","2700","","",""
"20240921014449A","21-SEP-24","BETTLES","AK","","","","","","","","","","","","","0","0","","","","","","1879","1500","179",""
"20240921015359A","21-SEP-24","ELYRIA","OH","LORAIN COUNTY RGNL","","","","","","","","","","","","0","0","","","","","","1991","683","14",""
"20240921015899A","21-SEP-24","BIG CREEK","ID","BIG CREEK","","","","","","","","","","","","0","0","","","","","","30000","50","8",""
"20240921017689A","21-SEP-24","REDLANDS","CA","REDLANDS MUNI","","","","","","","","","","","","0","1","","","","","","350","5","10",""
"20240922013442A","22-SEP-24","LANCASTER","CA","","","","","","","","","","","","","0","1","","","","","","14000","","",""
"20240922013909I","22-SEP-24","SAN JUAN","PR","LUIS MUNOZ MARIN INTL","","","","","","","AIR CANADA AIRLINES","","FOREIGN AIR CARRIER","","","0","0","","","","","","","","",""
"20240922014242A","22-SEP-24","LANCASTER","CA","","","","","","","","","","","","","1","0","","","","","","1570","750","",""
"20240922016459I","22-SEP-24","LIVERMORE","CA","LIVERMORE MUNI","","","","","","","","","","","","0","0","","","","","","","180","",""
"20240922017919I","22-SEP-24","EAST WENATCHEE","WA","PANGBORN MEMORIAL","","","","","","","","","","","","0","0","","","","","","100","50","3",""
"20240923013399A","23-SEP-24","RAVENEL","SC","","","","","","","","","","","","","0","0","","","","","","1782","161","7",""
"20240923014019I","23-SEP-24","","","","","","","","","","UNITED AIR LINES INC","","AIR CARRIER/COMMERCIAL","","","0","0","","","","","","","","",""
"20240923014169I","23-SEP-24","BENSON","AZ","BENSON MUNI","","","","","","","","","","","","0","0","","","","","","","","",""
"20240923014639I","23-SEP-24","NEW SMYRNA BEACH","FL","NEW SMYRNA BEACH MUNI","","","","","","","","","","","","0","0","","","","","","547","406","53",""
"20240923014779A","23-SEP-24","ASHLAND CITY","TN","WHIFFERDILL","","","","","","","","","","","","1","0","","","","","","3968","","",""
"20240923015159I","23-SEP-24","FAYETTEVILLE","NC","FAYETTEVILLE RGNL/GRANNIS FIELD","","","","","","","","","","","","0","0","","","","","","2000","700","32",""
"20240923015169A","23-SEP-24","RIDDLE","ID","","","","","","","","","","","","","0","0","","","","","","815","139","38",""
"20240923016689I","23-SEP-24","SEATTLE","WA","SEATTLE-TACOMA INTL","","","","","","","ALASKA AIRLINES INC","","AIR CARRIER/COMMERCIAL","","","0","0","","","","","","","","",""
"20240924012379I","24-SEP-24","RENTON","WA","RENTON MUNI","","","","","","","","","PILOT SCHOOLS","","","0","0","","","","","","475","","",""
"20240924013699I","24-SEP-24","WINNEMUCCA","NV","WINNEMUCCA MUNI","","","","","","","","","","","","0","0","","","","","","380","","",""
"20240924013759I","24-SEP-24","","AK","TED STEVENS ANCHORAGE INTL","","","","","","","TRANSNORTHERN LLC","","","","","0","0","","","","","","26000","","",""
"20240924014299I","24-SEP-24","WICHITA","KS","WICHITA MID-CONTINENT","","","","","","","","","","","","0","0","","","","","","13680","980","68",""
"20240924014439A","24-SEP-24","","AK","","","","","","","","","","","","","1","0","","","","","","300","","",""
"20240924017119A","24-SEP-24","JANESVILLE","WI","SOUTHERN WISCONSIN RGNL","","","","","","","","","PILOT SCHOOLS","","","0","0","","","","","","480","200","45",""
"20240925014039I","25-SEP-24","CEDAR CITY","UT","CEDAR CITY RGNL","","","","","","","","","PILOT SCHOOLS","","","0","0","","","","","","1400","264","120",""
"20240925014289A","25-SEP-24","LAKEWAY","TX","LAKEWAY AIRPARK","","","","","","","","","","","","0","1","","","","","","198","139","30",""
"20240925015619I","25-SEP-24","YUCAIPA","CA","","","","","","","","","","","","","0","0","","","","","","","","",""
"20240925016039A","25-SEP-24","ZEPHYRHILLS","FL","ZEPHYRHILLS MUNI","","","","","","","","","","","","2","0","","","","","","","","",""
"20240925017069A","25-SEP-24","LEXINGTON","NE","","","","","","","","","","AGRICULTURAL","","","0","0","","","","","","13072","15000","258",""
"20240925017199I","25-SEP-24","CHICAGO","IL","CHICAGO O'HARE INTL","","","","","","","ENVOY AIR INC","","AIR CARRIER/COMMERCIAL","","","0","0","","","","","","7112","522","",""
"20240925017879I","25-SEP-24","FORT PIERCE","FL","ST LUCIE COUNTY INTL","","","","","","","","","","","","0","0","","","","","","","","",""
"20240925018059I","25-SEP-24","RACINE","WI","JOHN H BATTEN","","","","","","","","","","","","0","0","","","","","","8103","","",""
"20240926012369I","26-SEP-24","OSHKOSH","WI","WITTMAN RGNL","","","","","","","","","PILOT SCHOOLS","","","0","0","","","","","","55","","",""
"20240926012999I","26-SEP-24","EAGLE","CO","EAGLE COUNTY RGNL","","","","","","","","","","","","0","0","","","","","","5200","25","10",""
"20240926013159I","26-SEP-24","WICHITA","KS","WICHITA MID-CONTINENT","","","","","","","","","","","","0","0","","","","","","2487","","",""
"20240926013989A","26-SEP-24","MUSKOGEE","OK","","","","","","","","JERRYS FLYING SERVICE","","AGRICULTURAL","","","0","0","","","","","","845","85","210",""
"20240926014279A","26-SEP-24","GRANGEVILLE","ID","FISH LAKE /USFS/","","","","","","","","","","","","0","1","","","","","","129","106","8",""
"20240926014629A","26-SEP-24","","WA","","","","","","","","","","","","","0","0","","","","","","","","",""
"20240926014899I","26-SEP-24","TUCSON","AZ","RYAN FIELD","","","","","","","","","","","","0","0","","","","","","527","","",""
"20240926016169I","26-SEP-24","OCEANSIDE","CA","OCEANSIDE MUNI","","","","","","","","","","","","0","0","","","","","","","","",""
"20240927013549A","27-SEP-24","BRYAN","TX","COULTER FIELD","","","","","","","","","","","","0","0","","","","","","202","18","10",""
"20240927014769A","27-SEP-24","PARIS","ID","BEAR LAKE COUNTY","","","","","","","","","","","","0","0","","","","","","213","10","6",""
"20240927014829A","27-SEP-24","RED WING","MN","FLYING CLOUD","","","","","","","","","","","","0","0","","","","","","","","",""
"20240927017599I","27-SEP-24","TETERBORO","NJ","TETERBORO","","","","","","","","","","","","0","0","","","","","","6700","5300","20",""
"20240928014889A","28-SEP-24","KILL DEVIL HILLS","NC","FIRST FLIGHT","","","","","","","","","","","","5","0","","","","","","650","","",""
"20240928015349I","28-SEP-24","SAINT AUGUSTINE","FL","NORTHEAST FLORIDA RGNL","","","","","","","","","","","","0","0","","","","","","3041","180","269",""
"20240928016159A","28-SEP-24","DELTA","CO","BLAKE FIELD","","","","","","","","","PILOT SCHOOLS","","","0","0","","","","","","1531","18","195",""
"20240928016829I","28-SEP-24","NEW ORLEANS","LA","LAKEFRONT","","","","","","","","","","","","0","0","","","","","","6500","807","15",""
"20240928017009I","28-SEP-24","GARDEN CITY","KS","GARDEN CITY RGNL","","","","","","","","","","","","0","0","","","","","","571","14","12",""
"20240928017869I","28-SEP-24","PAGE","AZ","PAGE MUNI","","","","","","","","","","","","0","0","","","","","","277","","",""
"20240929012389I","29-SEP-24","MYRTLE BEACH","SC","MYRTLE BEACH INTL","","","","","","","","","PILOT SCHOOLS","","","0","0","","","","","","","","",""
"20240929014099I","29-SEP-24","ORLANDO","FL","EXECUTIVE","","","","","","","","","","","","0","0","","","","","","4950","","",""
"20240929014519I","29-SEP-24","PAGE","AZ","PAGE MUNI","","","","","","","","","","","","0","0","","","","","","1374","","",""
"20240929017649I","29-SEP-24","CONCORD","CA","BUCHANAN FIELD","","","","","","","","","","","","0","0","","","","","","","","",""
"20240930014509I","30-SEP-24","BOSTON","MA","GENERAL EDWARD LAWRENCE LOGAN INTL","","","","","","","JETBLUE AIRWAYS","","AIR CARRIER/COMMERCIAL","","","0","0","","","","","","","","",""
"20240930015339A","30-SEP-24","MANVEL","TX","WOLFE AIR PARK","","","","","","","","","","","","0","0","","","","","","","1119","",""
"20240930015709A","30-SEP-24","PIERZ","MN","","","","","","","","","","","","","0","0","","","","","","700","288","14",""
"20240930017169I","30-SEP-24","DENVER","CO","DENVER INTL","","","","","","","SKYWEST AIRLINES INC","","AIR CARRIER/COMMERCIAL","","","0","0","","","","","","","","",""
"20241001013389I","01-OCT-24","WALLA WALLA","WA","WALLA WALLA RGNL","","","","","","","","","","","","0","0","","","","","","6971","33","148",""
"20241001013749I","01-OCT-24","READING","PA","","","","","","","","","","","","","0","0","","","","","","","","",""
"20241001014609A","01-OCT-24","MOFFETT","OK","","","","","","","","","","AGRICULTURAL","","","0","0","","","","","","","","",""
"20241001015059I","01-OCT-24","DANVILLE","IN","HENDRICKS COUNTY-GORDON GRAHAM FLD","","","","","","","","","","","","0","0","","","","","","","","",""
"20241001015069A","01-OCT-24","ENGLEWOOD","CO","CENTENNIAL","","","","","","","","","","","","0","0","","","","","","5427","182","32",""
"20241001016519A","01-OCT-24","SODA SPRINGS","ID","ALLEN H TIGERT","","","","","","","","","","","","0","1","","","","","","25400","900","5",""
"20241002013639I","02-OCT-24","FOREST","VA","NEW LONDON","","","","","","","","","","","","0","0","","","","","","638","21","7",""
"20241002013689I","02-OCT-24","OPA LOCKA","FL","NAPLES MUNI","","","","","","","NETJETS AVIATION","","","","","0","0","","","","","","","","",""
"20241002016879I","02-OCT-24","SHELBY","NC","SHELBY-CLEVELAND COUNTY RGNL","","","","","","","","","","","","0","0","","","","","","1793","485","19",""
"20241003013649I","03-OCT-24","","FL","","","","","","","","","","","","","0","0","","","","","","1000","596","190",""
"20241003014679A","03-OCT-24","MOORE HAVEN","FL","","","","","","","","","","","","","0","0","","","","","","25900","84","6",""
"20241003016029A","03-OCT-24","TAMPA","FL","","","","","","","","","","","","","0","0","","","","","","22","22","22",""
"20241003016219A","03-OCT-24","RUTHERFORDTON","NC","RUTHERFORD CO - MARCHMAN FIELD","","","","","","","","","","","","0","2","","","","","","124","","",""
"20241003016989I","03-OCT-24","MESA","AZ","FALCON FLD","","","","","","","","","","","","0","0","","","","","","758","388","220",""
"20241003017829A","03-OCT-24","ROSEBURG","OR","GEORGE FELT","","","","","","","","","","","","1","0","","","","","","1022","","28",""
"20241004013419I","04-OCT-24","MIDLAND","TX","MIDLAND AIRPARK","","","","","","","","","","","","0","0","","","","","","707","439","31",""
"20241004013939I","04-OCT-24","SEATTLE","WA","KENMORE AIR HARBOR","","","","","","","KENMORE AIR HARBOR INC","","","","","0","0","","","","","","2875","434","166",""
"20241004014389A","04-OCT-24","BIG LAKE","AK","","","","","","","","","","","","","1","0","","","","","","","","",""
"20241004014669I","04-OCT-24","LEXINGTON","KY","BLUE GRASS","","","","","","","","","","","","0","0","","","","","","29735","","",""
"20241004015029A","04-OCT-24","TALKEETNA","AK","","","","","","","","","","","","","0","0","","","","","","886","149","11",""
"20241004015049I","04-OCT-24","FARMINGTON","MO","FARMINGTON RGNL","","","","","","","","","","","","0","1","","","","","","","","",""
"20241004016019A","04-OCT-24","BAKERSFIELD","CA","MEADOWS FIELD","","","","","","","","","","","","1","0","","","","","","7001","","",""
"20241005013659I","05-OCT-24","SPRINGFIELD","IL","ABRAHAM LINCOLN CAPITAL","","","","","","","","","","","","0","0","","","","","","1345","21","22",""
"20241005013949I","05-OCT-24","WEST COLUMBIA","SC","COLUMBIA METROPOLITAN","","","","","","","","","","","","0","0","","","","","","27","27","14",""
"20241005014759A","05-OCT-24","","OR","","","","","","","","","","","","","0","0","","","","","","1723","1133","60",""
"20241005015559A","05-OCT-24","MERRITT ISLAND","FL","MERRITT ISLAND","","","","","","","","","","","","0","0","","","","","","87","","",""
"20241005015949A","05-OCT-24","RED HOOK","NY","OLD RHINEBECK","","","","","","","","","","","","1","0","","","","","","2250","","",""
"20241006014879A","06-OCT-24","FRONT ROYAL","VA","FRONT ROYAL-WARREN COUNTY","","","","","","","","","","","","0","0","","","","","","101","80","5",""
"20241006015019I","06-OCT-24","SAGINAW","MI","SAGINAW COUNTY H.W. BROWNE","","","","","","","","","","","","0","0","","","","","","4547","75","137",""
"20241006015549I","06-OCT-24","LEXINGTON","KY","BLUE GRASS","","","","","","","","","","","","0","0","","","","","","1482","","",""
"20241007013539I","07-OCT-24","TULSA","OK","RICHARD LLOYD JONES JR","","","","","","","","","","","","0","0","","","","","","2066","","",""
"20241007013669A","07-OCT-24","SOLDOTNA","AK","","","","","","","","","","","","","0","0","","","","","","586","335","78",""
"20241007013869A","07-OCT-24","OWENTON","KY","","","","","","","","AIR EVAC EMS INC","","","","","3","0","","","","","","19638","7791","46",""
"20241007015009A","07-OCT-24","CHICO","CA","CHICO MUNI","","","","","","","","","","","","0","0","","","","","","130","130","30",""
"20241007015429A","07-OCT-24","PARSONSBURG","MD","","","","","","","","","","AGRICULTURAL","","","0","0","","","","","","2250","","",""
"20241008013919I","08-OCT-24","NEW YORK","NY","LA GUARDIA","","","","","","","AIR CANADA AIRLINES","","FOREIGN AIR CARRIER","","","0","0","","","","","","","","",""
"20241008014049I","08-OCT-24","TRAVERSE CITY","MI","CHERRY CAPITAL","","","","","","","","","PILOT SCHOOLS","","","0","0","","","","","","4760","280","13",""
"20241008014119A","08-OCT-24","MARANA","AZ","MARANA RGNL","","","","","","","QUALITY AVIATION INC","","AGRICULTURAL","","","0","0","","","","","","14300","11500","250",""
"20241008014529I","08-OCT-24","TRENTON","NJ","TRENTON MERCER","","","","","","","","","PILOT SCHOOLS","","","0","0","","","","","","52","52","24",""
"20241008014819I","08-OCT-24","TIOGA","ND","TIOGA MUNI","","","","","","","","","","","","0","0","","","","","","57","16","16",""
"20241008015319A","08-OCT-24","LOUISVILLE","KY","BOWMAN FIELD","","","","","","","","","","","","0","0","","","","","","295","1","2",""
"20241008015419A","08-OCT-24","CORCORAN","CA","","","","","","","","","","AGRICULTURAL","","","0","0","","","","","","8074","1900","100",""
"20241008015689I","08-OCT-24","SOUTH SAINT PAUL","MN","SOUTH ST PAUL MUNI-RICHARD E FLEMING FLD","","","","","","","","","","","","0","0","","","","","","2875","63","30",""
"20241008015699A","08-OCT-24","REMER","MN","","","","","","","","","","","","","0","0","","","","","","11650","680","40",""
"20241008016009I","08-OCT-24","SAINT PETERSBURG","FL","ALBERT WHITTED","","","","","","","","","","","","0","4","","","","","","206","","",""
"20241008017289A","08-OCT-24","AVALON","CA","CATALINA","","","","","","","","","","","","5","0","","","","","","8175","","",""
"20241008017699A","08-OCT-24","KAMAS","UT","","","","","","","","","","","","","0","0","","","","","","5127","170","37",""
"20241009013799A","09-OCT-24","VALE","OR","","","","","","","","","","AGRICULTURAL","","","0","0","","","","","","","","",""
"20241009017679I","09-OCT-24","ALBUQUERQUE","NM","ALBUQUERQUE INTL SUNPORT","","","","","","","","","","","","0","1","","","","","","1600","45","45",""
"20241010014599I","10-OCT-24","LAKELAND","FL","LAKELAND LINDER RGNL","","","","","","","AIR METHODS CORP","","","","","0","0","","","","","","9662","","",""
"20241010015609I","10-OCT-24","ANCHORAGE","AK","TED STEVENS ANCHORAGE INTL","","","","","","","","","","","","0","0","","","","","","5800","","",""
"20241010015879I","10-OCT-24","BUCKEYE","AZ","BUCKEYE MUNI","","","","","","","","","","","","0","0","","","","","","3149","","",""
"20241010015999I","10-OCT-24","BAUXITE","AR","","","","","","","","","","","","","0","0","","","","","","50000","2000","50",""
"20241011013859I","11-OCT-24","GRAND ISLAND","NE","CENTRAL NEBRASKA RGNL","","","","","","","","","","","","0","0","","","","","","21734","","",""
"20241011015679I","11-OCT-24","EDEN PRAIRIE","MN","FLYING CLOUD","","","","","","","","","","","","0","0","","","","","","119","31","10",""
"20241011015889A","11-OCT-24","NICKELSVILLE","GA","TOM B. DAVID FLD","","","","","","","","","","","","0","0","","","","","","517","16","11",""
"20241011016139A","11-OCT-24","BEDFORD","VA","NEW LONDON","","","","","","","","","","","","0","0","","","","","","414","","",""
"20241011016209I","11-OCT-24","SCOTTSBLUFF","NE","WESTERN NEBRASKA RGNL/WILLIAM B. HEILIG FI","","","","","","","","","","","","0","0","","","","","","177","128","10",""
"20241011016509I","11-OCT-24","BENTONVILLE","AR","BENTONVILLE MUNI/LOUISE M THADEN FIELD","","","","","","","","","","","","0","0","","","","","","5500","","",""
"20241011016559A","11-OCT-24","ROWLESBURG","WV","","","","","","","","","","","","","0","0","","","","","","429","368","22",""
"20241011016569I","11-OCT-24","BUFFALO","MN","BUFFALO MUNI","","","","","","","","","","","","0","0","","","","","","1068","266","32",""
"20241011016869A","11-OCT-24","PLYMOUTH","IN","PLYMOUTH MUNI","","","","","","","","","","","","0","2","","","","","","890","","",""
"20241011017669I","11-OCT-24","ALBUQUERQUE","NM","ALBUQUERQUE INTL SUNPORT","","","","","","","","","","","","0","0","","","","","","1100","240","",""
"20241011018029A","11-OCT-24","LOUISVILLE","KY","BOWMAN FIELD","","","","","","","","","","","","0","1","","","","","","1200","","",""
"20241012014749I","12-OCT-24","TULSA","OK","RICHARD LLOYD JONES JR","","","","","","","","","","","","0","0","","","","","","307","289","19",""
"20241012014809A","12-OCT-24","SOUTH CHARLESTON","WV","MALLORY","","","","","","","","","","","","0","1","","","","","","1500","1300","",""
"20241012015539I","12-OCT-24","MERRITT ISLAND","FL","MERRITT ISLAND","","","","","","","","","","","","0","0","","","","","","","","",""
"20241012015669A","12-OCT-24","ALBUQUERQUE","NM","","","","","","","","","","","","","0","0","","","","","","300","","",""
"20241012015759A","12-OCT-24","ROWLESBURG","WV","","","","","","","","","","","","","0","0","","","","","","2646","91","4",""
"20241013014089A","13-OCT-24","CRESWELL","OR","HOBBY FIELD","","","","","","","","","","","","0","0","","","","","","86","36","16",""
"20241013015869A","13-OCT-24","","ID","","","","","","","","","","","","","0","2","","","","","","","","",""
"20241013016549I","13-OCT-24","BECKLEY","WV","RALEIGH COUNTY MEMORIAL","","","","","","","","","","","","0","0","","","","","","424","224","",""
"20241014014999I","14-OCT-24","HAWTHORNE","CA","JACK NORTHROP FIELD/HAWTHORNE MUNI","","","","","","","","","","","","0","0","","","","","","363","1","1",""
"20241014015309I","14-OCT-24","NEW SMYRNA BEACH","FL","NEW SMYRNA BEACH MUNI","","","","","","","","","","","","0","0","","","","","","1516","","",""
"20241014015439I","14-OCT-24","HAYDENTOWN","PA","","","","","","","","","","","","","0","0","","","","","","10000","11","49",""
"20241015015299I","15-OCT-24","ANCHORAGE","AK","LAKE HOOD","","","","","","","","","","","","0","0","","","","","","2400","30","150",""
"20241015016919A","15-OCT-24","CHURCH POINT","LA","","","","","","","","","","","","","1","0","","","","","","7055","","",""
"20241016015659I","16-OCT-24","NORTH LAS VEGAS","NV","NORTH LAS VEGAS","","","","","","","","","","","","0","0","","","","","","850","","",""
"20241016017349A","16-OCT-24","NEW ORLEANS","LA","LAKEFRONT","","","","","","","","","","","","0","0","","","","","","33535","1000","90",""
"20241016017739I","16-OCT-24","NORTH HAMPTON","NH","HAMPTON AIRFIELD","","","","","","","","","","","","0","0","","","","","","1369","123","10",""
"20241017014989A","17-OCT-24","","AZ","","","","","","","","","","","","","0","0","","","","","","5000","5000","60",""
"20241017015649I","17-OCT-24","NORTH LAS VEGAS","NV","NORTH LAS VEGAS","","","","","","","","","","","","0","0","","","","","","","","",""
"20241017016379A","17-OCT-24","MARTINSBURG","PA","COLONEL JAMES JABARA","","","","","","","","","","","","0","0","","","","","","685","","",""
"20241017016389A","17-OCT-24","NORTH EAST","PA","MOORHEAD AIRPARK LLC","","","","","","","","","","","","0","1","","","","","","3500","43","18",""
"20241017016499A","17-OCT-24","","TN","TRI-CITIES RGNL TN/VA","","","","","","","","","","","","0","0","","","","","","380","255","24",""
"20241017016949A","17-OCT-24","SANFORD","ME","SANFORD RGNL","","","","","","","","","","","","0","0","","","","","","137","36","9",""
"20241017017339A","17-OCT-24","ELIZABETH","LA","BLOUNT","","","","","","","","","","","","0","0","","","","","","13000","30","35",""
"20241018014659I","18-OCT-24","FARMINGDALE","NY","REPUBLIC","","","","","","","","","PILOT SCHOOLS","","","0","0","","","","","","","","",""
"20241018015529I","18-OCT-24","HOT SPRINGS","AR","MEMORIAL FIELD","","","","","","","","","","","","0","0","","","","","","27","","",""
"20241018016489I","18-OCT-24","WEST PALM BEACH","FL","NORTH PALM BEACH COUNTY GENERAL AVIATION","","","","","","","","","","","","0","0","","","","","","1833","1231","24",""
"20241019014739I","19-OCT-24","MERRITT ISLAND","FL","MERRITT ISLAND","","","","","","","","","","","","0","0","","","","","","241","","",""
"20241019014969A","19-OCT-24","BEAVER MARSH","OR","","","","","","","","","","","","","0","0","","","","","","","","",""
"20241019014979I","19-OCT-24","","AZ","","","","","","","","","","","","","0","0","","","","","","751","106","50",""
"20241019015592I","19-OCT-24","EMMETT","ID","EMMETT MUNI","","","","","","","","","","","","0","0","","","","","","","","",""
"20241019016199A","19-OCT-24","","AK","GOOSE BAY","","","","","","","","","","","","0","0","","","","","","492","19","59",""
"20241019016369A","19-OCT-24","VALMEYER","IL","SULLIVAN FIELD","","","","","","","","","","","","0","0","","","","","","859","108","32",""
"20241019016479I","19-OCT-24","JACKSONVILLE","IL","","","","","","","","","","","","","0","0","","","","","","1200","","",""
"20241020014649A","20-OCT-24","LAS CRUCES","NM","LAS CRUCES INTL","","","","","","","","","","","","1","0","","","","","","11209","","",""
"20241020015939I","20-OCT-24","MARIETTA","PA","DONEGAL SPRINGS AIRPARK","","","","","","","","","","","","0","0","","","","","","608","","",""
"20241020015989I","20-OCT-24","","FL","TALLAHASSEE RGNL","","","","","","","","","","","","0","0","","","","","","8000","","",""
"20241020016149A","20-OCT-24","INTERNATIONAL FALLS","MN","FALLS INTL","","","","","","","","","","","","0","0","","","","","","5937","456","60",""
"20241020017309A","20-OCT-24","ELKO","NV","ELKO RGNL","","","","","","","","","","","","0","0","","","","","","499","37","48",""
"20241020017589I","20-OCT-24","BESSEMER","AL","BESSEMER","","","","","","","","","","","","0","0","","","","","","1129","65","12",""
"20241020017659I","20-OCT-24","","MA","WESTFIELD-BARNES RGNL","","","","","","","","","","","","0","0","","","","","","3200","","",""
"20241021014499I","21-OCT-24","MIDLAND","TX","MIDLAND INTL","","","","","","","","","","","","0","0","","","","","","275","75","40",""
"20241021016859A","21-OCT-24","","MI","BELLEVILLE","","","","","","","","","","","","0","0","","","","","","626","500","7",""
"20241022016469I","22-OCT-24","PEMBROKE PINES","FL","NORTH PERRY","","","","","","","","","","","","0","0","","","","","","237","","",""
"20241022017499I","22-OCT-24","HAYWARD","CA","HAYWARD EXECUTIVE","","","","","","","","","","","","0","0","","","","","","","","",""
"20241022017519A","22-OCT-24","MARKLEEVILLE","CA","","","","","","","","","","","","","0","0","","","","","","","","",""
"20241023015149I","23-OCT-24","MCALLEN","TX","MC ALLEN MILLER INTL","","","","","","","","","","","","0","0","","","","","","13646","4166","10",""
"20241023015639I","23-OCT-24","MIAMI","OK","MIAMI MUNI","","","","","","","","","","","","0","0","","","","","","800","","",""
"20241023016359I","23-OCT-24","WINCHESTER","TN","WINCHESTER MUNI","","","","","","","","","","","","0","1","","","","","","9011","4027","74",""
"20241023016739I","23-OCT-24","STOCKTON","CA","STOCKTON METROPOLITAN","","","","","","","","","PILOT SCHOOLS","","","0","0","","","","","","400","","",""
"20241023016909I","23-OCT-24","STILLWATER","OK","STILLWATER RGNL","","","","","","","","","","","","0","0","","","","","","554","5","47",""
"20241023017049I","23-OCT-24","GROVE","OK","GROVE MUNI","","","","","","","","","","","","0","0","","","","","","210","16","",""
"20241023017899A","23-OCT-24","LANAI CITY","HI","LANAI","","","","","","","","","","","","0","0","","","","","","700","","",""
"20241024014549I","24-OCT-24","GREAT FALLS","MT","","","","","","","","","","FOREIGN AIR CARRIER","","","0","0","","","","","","","","",""
"20241024015039A","24-OCT-24","PEYTON","CO","MEADOW LAKE","","","","","","","","","","","","0","0","","","","","","846","","",""
"20241024015139A","24-OCT-24","SEBRING","FL","SEBRING RGNL","","","","","","","","","","","","0","0","","","","","","164","","",""
"20241024015469I","24-OCT-24","CHICAGO","IL","CHICAGO O'HARE INTL","","","","","","","AIR NOVA INC","","FOREIGN AIR CARRIER","","","0","0","","","","","","","","",""
"20241024016349I","24-OCT-24","ORMOND BEACH","FL","ORMOND BEACH MUNI","","","","","","","","","","","","0","0","","","","","","17881","7","7",""
"20241024017039I","24-OCT-24","","FL","OKEECHOBEE COUNTY","","","","","","","","","","","","0","0","","","","","","650","","",""
"20241025015289A","25-OCT-24","SOUTH CHARLESTON","WV","MALLORY","","","","","","","","","","","","0","1","","","","","","742","14","",""
"20241025015859I","25-OCT-24","LEESBURG","FL","LEESBURG INTL","","","","","","","","","","","","0","0","","","","","","1419","","",""
"20241025016339A","25-OCT-24","LANCASTER","CA","GENERAL WM J FOX AIRFIELD","","","","","","","","","","","","0","0","","","","","","3048","89","2",""
"20241025017369A","25-OCT-24","TALKEETNA","AK","","","","","","","","","","","","","0","0","","","","","","489","","",""
"20241025017529A","25-OCT-24","WESTON","ID","ABERDEEN MUNI","","","","","","","","","","","","0","1","","","","","","322","60","17",""
"20241026015199I","26-OCT-24","MERRITT ISLAND","FL","MERRITT ISLAND","","","","","","","","","","","","0","0","","","","","","9825","806","95",""
"20241026015399I","26-OCT-24","","NJ","","","","","","","","NETJETS AVIATION","","","","","0","0","","","","","","","","",""
"20241026016449I","26-OCT-24","HOMER","AK","HOMER","","","","","","","","","","","","0","0","","","","","","39","39","12",""
"20241026016599A","26-OCT-24","DERBY","KS","COOK AIRFIELD","","","","","","","","","","","","1","0","","","","","","9130","2500","130",""
"20241026017639A","26-OCT-24","","ME","NORTHERN AROOSTOOK RGNL","","","","","","","","","","","","0","0","","","","","","153","","",""
"20241027014559A","27-OCT-24","CANAL WINCHESTER","OH","","","","","","","","AIR EVAC EMS INC","","","","","0","0","","","","","","6000","","",""
"20241027014589I","27-OCT-24","DENVER","CO","DENVER INTL","","","","","","","SKYWEST AIRLINES INC","","AIR CARRIER/COMMERCIAL","","","0","0","","","","","","","","",""
"20241027015129A","27-OCT-24","NICHOLASVILLE","KY","","","","","","","","","","","","","2","0","","","","","","","","",""
"20241027015749A","27-OCT-24","MONTAGUE ISLAND","AK","","","","","","","","","","","","","0","0","","","","","","429","81","32",""
"20241027015971A","27-OCT-24","PEARLAND","TX","PEARLAND RGNL","","","","","","","","","","","","0","1","","","","","","492","181","12",""
"20241027016439A","27-OCT-24","FAIRMONT","WV","FAIRMONT MUNI-FRANKMAN FIELD","","","","","","","","","","","","0","0","","","","","","55","3","3",""
"20241027016999A","27-OCT-24","OGALLALA","NE","SEARLE FIELD","","","","","","","","","","","","0","0","","","","","","360","","",""
"20241028017379I","28-OCT-24","","NC","CONCORD RGNL","","","","","","","","","","","","0","0","","","","","","4500","7","41",""
"20241028017789I","28-OCT-24","SAN CARLOS","CA","SAN CARLOS","","","","","","","","","","","","0","0","","","","","","","","",""
"20241029016799I","29-OCT-24","WEST MIFFLIN","PA","ALLEGHENY COUNTY","","","","","","","","","","","","0","0","","","","","","18000","140","174",""
"20241029016809I","29-OCT-24","TOBYHANNA","PA","POCONO MOUNTAINS MUNI","","","","","","","","","","","","0","0","","","","","","","","",""
"20241029016899I","29-OCT-24","MERRITT ISLAND","FL","MERRITT ISLAND","","","","","","","","","","","","0","0","","","","","","1291","","37",""
"20241029017329A","29-OCT-24","","AR","","","","","","","","","","","","","1","0","","","","","","","","",""
"20241030016759A","30-OCT-24","FORT LAUDERDALE","FL","","","","","","","","","","","","","0","0","","","","","","","","",""
"20241030016979I","30-OCT-24","HARTFORD","CT","HARTFORD-BRAINARD","","","","","","","","","","","","0","0","","","","","","1142","398","18",""
"20241030017889I","30-OCT-24","BATESVILLE","MS","PANOLA COUNTY","","","","","","","","","","","","0","0","","","","","","4495","","",""
"20241031016839I","31-OCT-24","STATE COLLEGE","PA","UNIVERSITY PARK","","","","","","","","","","","","0","0","","","","","","","","",""
"20241031017279A","31-OCT-24","WILDER","TN","","","","","","","","","","","","","1","0","","","","","","","","",""
"20241101016429I","01-NOV-24","PROVO","UT","PROVO MUNI","","","","","","","","","","","","0","0","","","","","","1030","","",""
"20241101016789I","01-NOV-24","CAMARILLO","CA","CAMARILLO","","","","","","","","","","","","0","0","","","","","","981","150","177",""
"20241101016939A","01-NOV-24","IOWA","LA","","","","","","","","","","","","","3","0","","","","","","200","200","",""
"20241102015479I","02-NOV-24","NEW ORLEANS","LA","LOUIS ARMSTRONG NEW ORLEANS INTL","","","","","","","","","FOREIGN AIR CARRIER","","","0","0","","","","","","","","",""
"20241102015849I","02-NOV-24","GILBERT","SC","GILBERT INTL","","","","","","","","","","","","0","0","","","","","","207","135","34",""
"20241102016329A","02-NOV-24","NEWCASTLE","PA","NEW CASTLE MUNI","","","","","","","","","","","","0","1","","","","","","","","",""
"20241102016779I","02-NOV-24","MIO","MI","OSCODA COUNTY DENNIS KAUFFMAN MEMORIAL","","","","","","","","","","","","0","0","","","","","","800","800","15",""
"20241102017029I","02-NOV-24","LOUISVILLE","KY","LOUISVILLE INTL-STANDIFORD FIELD","","","","","","","","","","","","0","0","","","","","","","","",""
"20241102017749A","02-NOV-24","ANCHORAGE","AK","LAKE HOOD","","","","","","","","","","","","0","0","","","","","","2014","82","18",""
"20241103017139A","03-NOV-24","","","","","","","","","","UNITED AIR LINES INC","","AIR CARRIER/COMMERCIAL","","","0","0","","","","","","","","",""
"20241105015829A","05-NOV-24","MESA","AZ","FALCON FLD","","","","","","","","","","","","5","0","","","","","","1293","","",""
"20241106016289I","06-NOV-24","WILMINGTON","NC","WILMINGTON INTL","","","","","","","","","","","","0","0","","","","","","263","14","2",""
"20241106016319A","06-NOV-24","","ID","","","","","","","","","","","","","0","0","","","","","","441","300","54",""
"20241106016629I","06-NOV-24","CHARLOTTE AMALIE","VI","CYRIL E KING","","","","","","","","","","","","0","0","","","","","","","","",""
"20241106017299I","06-NOV-24","CHESTERFIELD","VA","CHESTERFIELD COUNTY","","","","","","","","","","","","0","0","","","","","","298","17","1",""
"20241106018009A","06-NOV-24","EAST TROY","WI","EAST TROY MUNI","","","","","","","","","","","","0","1","","","","","","1181","25","26",""
"20241106018019I","06-NOV-24","WESTON","FL","","","","","","","","","","","","","0","0","","","","","","400","","",""
"20241107016699A","07-NOV-24","DURKEE","OR","","","","","","","","","","ROTORCRAFT EXTERNAL LOAD OPERATIONS","","","0","0","","","","","","2870","43","27",""
"20241107017609I","07-NOV-24","PRESCOTT","AZ","ERNEST A. LOVE FIELD","","","","","","","","","PILOT SCHOOLS","","","0","0","","","","","","","","",""
"20241108016279A","08-NOV-24","LANCASTER","CA","GENERAL WM J FOX AIRFIELD","","","","","","","","","","","","0","0","","","","","","219","154","33",""
"20241108016969I","08-NOV-24","CASA GRANDE","AZ","CASA GRANDE MUNI","","","","","","","","","","","","0","0","","","","","","1404","133","301",""
"20241109016639I","09-NOV-24","SAN JUAN","PR","LUIS MUNOZ MARIN INTL","","","","","","","AIR CANADA AIRLINES","","FOREIGN AIR CARRIER","","","0","0","","","","","","","","",""
"20241109017389A","09-NOV-24","KNOXVILLE","TN","MC GHEE TYSON","","","","","","","","","","","","0","0","","","","","","18400","2500","48",""
"20241110015389I","10-NOV-24","CHIGNIK","AK","CHIGNIK LAKE","","","","","","","LAKE CLARK AIR INC","","","","","0","0","","","","","","2104","","",""
"20241110016109I","10-NOV-24","BORON","CA","","","","","","","","","","ROTORCRAFT EXTERNAL LOAD OPERATIONS","","","0","0","","","","","","","","",""
"20241111015589I","11-NOV-24","HARRISON","AR","BOONE COUNTY","","","","","","","","","PILOT SCHOOLS","","","0","0","","","","","","51","51","40",""
"20241113016189I","13-NOV-24","BRIDGEPORT","WV","NORTH CENTRAL WEST VIRGINIA","","","","","","","","","PILOT SCHOOLS","","","0","0","","","","","","27","27","27",""
"20241113016719I","13-NOV-24","LITTLE ROCK","AR","ADAMS FIELD","","","","","","","CHAMPLAIN ENTERPRISES INC","","AIR CARRIER/COMMERCIAL","","","0","0","","","","","","4942","","",""
"20241113016729I","13-NOV-24","GALLIANO","LA","SOUTH LAFOURCHE LEONARD MILLER JR","","","","","","","","","","","","0","0","","","","","","10175","","",""
"20241113017249A","13-NOV-24","LIMESTONE","TN","TRI-CITIES RGNL TN/VA","","","","","","","","","","","","0","1","","","","","","55","55","54",""
"20241113017269I","13-NOV-24","TULSA","OK","RICHARD LLOYD JONES JR","","","","","","","","","","","","0","0","","","","","","1057","","",""
"20241114016309A","14-NOV-24","LEWISTOWN","MT","","","","","","","","","","","","","0","0","","","","","","297","160","16",""
"20241114016659I","14-NOV-24","CANTON","OH","AKRON-CANTON RGNL","","","","","","","CASTLE AVIATION INC","","","","","0","0","","","","","","","","",""
"20241114017149I","14-NOV-24","ARLINGTON","VA","RONALD REAGAN WASHINGTON NATIONAL","","","","","","","","","AIR CARRIER/COMMERCIAL","","","0","0","","","","","","26279","","",""
"20241114017969A","14-NOV-24","VAN NUYS","CA","VAN NUYS","","","","","","","","","","","","0","1","","","","","","","","",""
"20241115017549I","15-NOV-24","MENO","OK","DECKER FIELD","","","","","","","","","","","","0","0","","","","","","12713","","",""
"20241115017619I","15-NOV-24","RICHLAND","WA","RICHLAND","","","","","","","","","","","","0","0","","","","","","400","24","27",""
"20241115017729A","15-NOV-24","NUNN","CO","BELLMORE FARMS","","","","","","","","","","","","1","0","","","","","","30000","","",""
"20241116016269I","16-NOV-24","GILLIAM","LA","GILLIAM","","","","","","","","","PARACHUTE JUMPING","","","1","0","","","","","","750","","",""
"20241116016299I","16-NOV-24","APISON","TN","COLLEGEDALE MUNI","","","","","","","","","","","","0","0","","","","","","17826","215","56",""
"20241116017239I","16-NOV-24","HASTINGS","FL","EARLE AIRPARK","","","","","","","","","","","","0","0","","","","","","1800","","",""
"20241117016769I","17-NOV-24","","PA","POCONO MOUNTAINS MUNI","","","","","","","","","","","","0","0","","","","","","","","",""
"20241117016929I","17-NOV-24","CANON CITY","CO","FREMONT COUNTY","","","","","","","","","","","","0","0","","","","","","1566","620","11",""
"20241117017539A","17-NOV-24","","AZ","","","","","","","","","","","","","0","1","","","","","","663","","",""
"20241120017439A","20-NOV-24","CLEVELAND","OH","CLEVELAND-HOPKINS INTL","","","","","","","MESA AIRLINES INC","","AIR CARRIER/COMMERCIAL","","","0","0","","","","","","11856","","",""
"20241121017059I","21-NOV-24","ILIAMNA","AK","","","","","","","","ILIAMNA AIR TAXI INC","","","","","0","0","","","","","","14480","1834","295",""
"20241121017229A","21-NOV-24","LAKELAND","FL","LAKELAND LINDER RGNL","","","","","","","","","","","","0","0","","","","","","5250","60","18",""
"20241123016819A","23-NOV-24","DRAKE","CO","","","","","","","","","","","","","2","0","","","","","","5351","","118",""
"20241123017089I","23-NOV-24","LOUISVILLE","KY","LOUISVILLE INTL-STANDIFORD FIELD","","","","","","","","","","","","0","0","","","","","","","","",""
"20241123017989A","23-NOV-24","LEWISTOWN","MT","","","","","","","","","","","","","0","0","","","","","","2725","","",""
"20241124017159I","24-NOV-24","DULLES","VA","WASHINGTON DULLES INTL","","","","","","","CVG AVIATION INC","","","","","0","0","","","","","","7729","","",""
"20241124018039I","24-NOV-24","RENTON","WA","RENTON MUNI","","","","","","","","","","","","0","0","","","","","","9537","","",""
"20241125017849I","25-NOV-24","EDGEWATER","MD","LEE","","","","","","","","","","","","0","0","","","","","","475","130","28",""
"20241126017109I","26-NOV-24","INDIANAPOLIS","IN","EAGLE CREEK AIRPARK","","","","","","","VINCENNES UNIVERSITY","","PILOT SCHOOLS","","","0","0","","","","","","20","20","20",""
"20241127016709I","27-NOV-24","FORT PIERCE","FL","ST LUCIE COUNTY INTL","","","","","","","ARI BEN AVIATOR","","PILOT SCHOOLS","","","0","0","","","","","","1620","","",""
"20241201017579I","01-DEC-24","STIGLER","OK","STIGLER RGNL","","","","","","","","","","","","0","0","","","","","","202","66","27",""
"20241203017759I","03-DEC-24","COLUMBIA","MO","COLUMBIA RGNL","","","","","","","ENVOY AIR INC","","AIR CARRIER/COMMERCIAL","","","0","0","","","","","","3983","","",""
"20241204016609I","04-DEC-24","NEW YORK","NY","JOHN F KENNEDY INTL","","","","","","","JETBLUE AIRWAYS","","AIR CARRIER/COMMERCIAL","","","0","0","","","","","","","","",""
"20241204017449I","04-DEC-24","HILO","HI","HILO INTL","","","","","","","AEKO KULA INC","","AIR CARRIER/COMMERCIAL","","","0","0","","","","","","7000","","",""
"20241206017979A","06-DEC-24","VERO BEACH","FL","NEW HIBISCUS AIRPARK","","","","","","","","","","","","1","0","","","","","","13000","146","",""
"20241209017709I","09-DEC-24","MELBOURNE","FL","MELBOURNE INTL","","","","","","","","","PILOT SCHOOLS","","","0","0","","","","","","2205","","",""
"20241210017719I","10-DEC-24","VERO BEACH","FL","VERO BEACH MUNI","","","","","","","","","PILOT SCHOOLS","","","0","0","","","","","","1546","","",""
"20241214017859I","14-DEC-24","BOZEMAN","MT","BOZEMAN YELLOWSTONE INTL","","","","","","","","","","","","0","0","","","","","","","","",""
"20241215017809I","15-DEC-24","MURPHYSBORO","IL","SOUTHERN ILLINOIS","","","","","","","","","","","","0","0","","","","","","2465","2200","3",""
"20241216017799I","16-DEC-24","LINCOLN","NE","LINCOLN","","","","","","","","","","","","0","0","","","","","","25000","","",""
"20241229017079I","29-DEC-24","","NM","ALBUQUERQUE INTL SUNPORT","","","","","","","","","","","","0","1","","","","","","8500","","",""
"20250102000019A","02-JAN-25","GREENVILLE","MS","MID DELTA RGNL","","","","","","","CORPORATE FLIGHT MANAGEMENT","","","","","0","0","","","","","","21305","","",""
"20250103000029A","03-JAN-25","NIGHTMUTE","AK","NIGHTMUTE","","","","","","","GRANT AVIATION","","","","","0","0","","","","","","1658","","",""
